Domain / Category,Parameter,Category Description,Parameter Description,Basic — Criterion,Medium — Criterion,High — Criterion,Optimised Parameter Name
▶  EV,Electric Vehicle (EV) Technologies,,,,,,
Category Overview,,"Covers all features exclusive to battery-electric (BEV) and plug-in hybrid (PHEV) powertrains: intelligent routing and range management, smart and bidirectional charging (V2G/V2H/V2L), battery health monitoring, and eco-driving coaching. ",,,,,
EV,Trip planner / EV Routing,,"Integrated EV route planning within the navigation system that calculates the optimal route accounting for real-time battery state, charger locations, charging speeds, and planned stops to ensure arrival within the vehicle's range.",Static range estimate only; no live charger data or multi-stop optimisation.,Connected routing with real-time charger availability and basic arrival SoC planning.,"Full multi-stop optimised EV routing: live charger status, dynamic arrival/departure SoC management, weather-adjusted range, in-route re-optimisation.",EV Route Planner with Charging Stop Optimisation
EV,Battery Preconditioning,,"System that heats or cools the high-voltage battery to its optimal temperature window before a DC fast charging session, significantly increasing charging speed and protecting battery longevity.",Manual activation only — driver must trigger preconditioning independently before DCFC.,Automatic trigger via navigation destination set to a DC charger.,Automatic nav-based preconditioning integrated with cabin pre-climatisation and departure timer.,Battery Preconditioning for DC Fast Charging
EV,Eco Coaching,,In-vehicle coaching system that analyses driving behaviour and/or forecasts energy consumption to help the driver maximise range and efficiency. ,Post-trip driving behaviour evaluation with efficiency score only.,Real-time coaching tips and suggestions during the journey based on driving style.,"Predictive energy discharge forecast using planned route, topography, traffic, climate load, and driving style combined.",Eco Driving Coaching and Energy Forecast
EV,Add power (purchase additional horsepower OTA),,Software-based mechanism allowing the owner to unlock additional motor output or performance modes via an Over-The-Air (OTA) purchase or subscription — without any physical hardware change. Enables the manufacturer to offer performance upgrades post-sale.,One-time OTA unlock via dealer or brand portal (not self-service).,OTA performance tier purchase available via in-car or mobile app store.,"Flexible subscription or on-demand OTA power unlock (e.g., per-day or per-event) purchased directly in-vehicle.",OTA Performance Unlock (Additional Horsepower Purchase)
EV,Smart e-coasting,,System that automatically optimises the vehicle's coasting behaviour and energy regeneration level by anticipating upcoming events. ,Sensor-based only — radar/lidar distance to lead vehicle drives coasting optimisation.,Sensor data plus map speed-limit anticipation for coasting management.,"Full predictive coasting using navigation: speed limits, curves, roundabouts, intersections, and topography.",Predictive Energy Recuperation and Smart Coasting
EV,EV/PHEV Smart Charging (Cooperative / Managed Charging) (V1G Lev2),,"Capability to modulate the vehicle's AC charging rate in response to external grid signals, electricity prices, or operator commands (V1G — one-directional). ",Off-board V1G only — external EVSE or grid signal manages charging; no onboard intelligence.,Hybrid off-board/onboard: external signals with some onboard scheduling capability.,"Full onboard V1G: dynamic tariff integration, grid-load response, and automated scheduling.",Smart Managed Charging V1G (Cooperative Charging)
EV,V2G,,"Vehicle-to-Grid: bidirectional charging capability allowing the EV battery to export energy back to the public electricity grid, enabling demand response, grid stabilisation, and potential revenue generation for the owner via aggregator or energy-contract partnerships.",Manual or scheduled V2G export only; no automated energy management.,Automated V2G with basic energy-contract partner integration.,"Full V2G with revenue optimisation, aggregator integration, and automated grid-response capability.",Vehicle-to-Grid Bidirectional Charging (V2G)
EV,Vehicle to home energy V2H offgrid (blackout) and/or ongrid,,Vehicle-to-Home: bidirectional power export to supply a residential building. ,Backup power supply during grid blackouts only (off-grid mode).,Scheduled on-grid V2H operation with manual control.,"Full HEMS integration with solar coordination, automatic grid/backup switching, and optimised self-consumption.",Vehicle-to-Home Energy Supply (V2H)
EV,V2L(Vehicle to Load - vehicle as a generator; Power Panel)  (Including V2V capabilities),,"Vehicle-to-Load: ability to power external electrical devices (tools, appliances, camping equipment) via onboard AC/DC sockets using the traction battery. Also covers Vehicle-to-Vehicle (V2V) charging of another EV. Power output and socket variety determine the level.",Single standard AC socket (≤2 kW output).,Multiple sockets or higher power (2–3.6 kW) with integrated power panel.,"High-power output panel (>3.6 kW), multiple socket types, and V2V bidirectional charging capability.",Vehicle-to-Load External Power Export (V2L / V2V)
EV,Plug & Charge/Autocharge,,Automated authentication and payment initiation at a DC fast charger without driver action. ,No automated authentication; manual app/RFID required at public DCFC.,Autocharge: proprietary or network-specific automated handshake for charging initiation.,"Plug & Charge per ISO 15118: cybersecure, cross-network interoperable automatic authentication and payment.",Plug and Charge Automatic Authentication (ISO 15118)
EV,Display Charge status/information DC charging,,"Real-time visualisation of the DC charging session on the vehicle's displays: current SoC %, estimated time to target charge, charging power in kW, and session energy. ",Basic SoC % and estimated time remaining displayed.,"Detailed display: charging power (kW), session energy, and cost estimate.","Full charging dashboard: power, SoC, cost, charger ID, session log, and predictive end-of-charge time on multiple screens.",DC Charging Status Display
EV,Location based charging,,"Ability to configure distinct charging profiles (target SoC, charging window, power limit) that activate automatically based on the vehicle's GPS location (e.g., different settings for home vs. work vs. public charging).",Single preset charging schedule independent of location.,"Two preset profiles (e.g., home/work) with different schedules.","Multiple geo-fenced location profiles each with individual power, SoC limit, duration, and tariff settings.",Location-Based Charging Profiles
EV,EV/PHEV comfort charging (wireless inductive or conductive),,"Charging solution eliminating manual cable handling. Includes wireless inductive charging pads (park-and-charge) or automated robotic/conductive systems. Provides superior convenience, especially for daily home charging routines.",Official OEM wireless charging pad accessory available (separate purchase).,Factory-integrated wireless inductive charging pad (up to ~11 kW).,Automated robotic/conductive or high-power (>11 kW) wireless charging — fully integrated from factory.,Wireless or Automated Inductive Charging
EV,Charge Coach (e-coaching recharge Inno; NMC batteries only),,"Specialised coaching system guiding the driver on optimal charging practices to extend battery life and efficiency — distinct from range coaching. Provides recommendations on AC vs. DC charging, ideal SoC windows for storage, and long-term degradation avoidance. Most effective for NMC battery chemistry.",Basic static guidance on optimal SoC ranges for battery health.,Dynamic coaching adapting AC vs DC recommendations to usage patterns.,"Personalised per-session coaching: charge speed, SoC targets, and long-term battery health tracking (NMC-specific).",Battery Charging Coach (Optimised Charging Guidance)
EV,"Variable charging control (set kW, time, max.SOC) down to SOC% and kW#",,Granular user control over the charging session. ,Start/stop current session only — no scheduling or power adjustment.,Set target SoC % and schedule departure time; no granular power control.,"Full control: adjustable target SoC %, scheduled window, and adjustable charging power/current in defined steps.","Variable Charging Control (Power, Schedule, Target SoC)"
EV,Battery State of Health / Used Battery Certificate / Battery Passport,,"Provision of transparent battery health data and certification. Includes State of Health (SoH) percentage, capacity degradation trend, and optionally a formal battery health certificate or EU Battery Passport for resale and regulatory compliance purposes.",General battery health indicator or estimated capacity available in vehicle menu.,Detailed SoH % with degradation trend accessible to the owner.,Official battery health certificate and/or EU Battery Passport compliant digital passport — transferable to future buyer.,Battery State of Health and Battery Passport
▶  INFOT.,Infotainment & Connectivity,,,,,,
Category Overview,,"All in-vehicle information, entertainment, and connectivity systems: navigation (embedded and connected), audio/video streaming, voice AI assistants, smartphone integration, in-car payments, and OTA services. This domain defines the digital experience of the vehicle and is one of the fastest-moving competitive battlegrounds — differentiating premium brands through interface quality, content ecosystem breadth, and AI-driven personalisation.",,,,,
INFOT.,Navigation,,In-vehicle turn-by-turn navigation system. ,Embedded system with offline maps and basic turn-by-turn routing.,Connected navigation with occasional online updates and limited live services.,"Fully connected: real-time traffic, live POI search, cloud routing, and EV range overlay.",In-Vehicle Navigation System
INFOT.,Navigation OTA map update,,"Capability to update the navigation system's map database wirelessly over the air, ensuring accurate and current mapping without requiring a physical media update or dealership visit.",Manual map updates via USB or dealer only.,OTA map updates available but manually initiated by the driver.,Automatic background OTA map updates — no driver action required.,Over-the-Air Navigation Map Updates
INFOT.,Parking Availability Information,,Live parking availability data integrated into the navigation system. ,"Off-street parking availability only (car parks, silos).",Off-street plus partial on-street occupancy data in selected areas.,Combined off-street and probabilistic real-time on-street parking availability displayed on map.,Real-Time Parking Availability Information
INFOT.,Satellite View (e.g Google Earth),,visualization of Map from satellite like with Google earth,—,—,—,Satellite Map View
INFOT.,Augmented Reality in Navigation,,"Navigation guidance overlaid in real time on a live front-camera video feed, displaying directional arrows, street names, lane guidance, and POI markers. Can be rendered on the IVI central screen and/or in the instrument cluster for driver-axis visibility.",AR overlay on IVI screen only (front camera + directional arrows).,AR on IVI with lane-level arrow guidance and street name overlay.,"Full AR on IVI and driver-axis cluster/HUD with dynamic arrows, speed limit display, and hazard highlights.",Augmented Reality Navigation Overlay
INFOT.,Map visualization in Cluster,,"Display of the navigation map (beyond a simple route ribbon) within the digital instrument cluster, giving the driver a full spatial view of the road ahead and surrounding context without looking away from the driving axis.",Route ribbon or simple arrow guidance in cluster only.,Partial map view in cluster (small window format).,Full navigation map natively rendered in the digital cluster.,Navigation Map Display in Instrument Cluster
INFOT.,Trailer/Tow Specific  Navigation (low clearance alert included),,"Navigation mode specifically designed for when the vehicle is towing a trailer. This typically includes considerations for vehicle dimensions, weight, and potential restrictions (e.g., low clearance alerts, routes avoiding sharp turns or steep grades).",—,—,—,In-Vehicle Navigation System
INFOT.,Camera Recorder - Dash Cam,,Dashcam functionality using on-board cameras. ,"Official OEM dashcam accessory available (external, sold separately).",Semi-integrated dashcam using dedicated OEM hardware with in-car storage/viewing.,"Fully integrated: existing onboard cameras used as dashcam, footage stored to internal memory or USB with in-car review.",Integrated Dashcam (Camera Recorder)
INFOT.,Appstore,,"An in-vehicle application store embedded in the infotainment system, enabling drivers to browse, download, and manage third-party apps (navigation, streaming, productivity) directly on the head unit.",Pre-loaded curated apps only — no user-downloadable store.,Basic OEM app store with limited downloadable catalogue.,"Full open/semi-open app store with regular catalogue updates, ratings, and OTA app installation.",In-Vehicle App Store
INFOT.,Hybrid radio (FM/DAB+Internet),,"Radio system combining traditional broadcast reception (FM, DAB+) with internet-based IP radio streaming, automatically or manually switching between sources to maintain uninterrupted audio when broadcast signal quality drops.",FM + DAB digital radio only — no internet streaming fallback.,FM/DAB with manual internet radio option via connected infotainment.,Hybrid radio with seamless automatic switching between FM/DAB broadcast and IP streaming.,Hybrid Radio (FM / DAB / Internet Streaming)
INFOT.,Music streaming : Spotify/ Apple Music/Amazon Music,,"Native integration of major music streaming platforms (Spotify, Apple Music, Amazon Music, etc.) directly within the infotainment system, accessible without requiring a connected smartphone.",Streaming available via CarPlay/Android Auto only (smartphone-dependent).,"Native embedded streaming app with linked account, requires hotspot data.",Native embedded streaming with built-in SIM/embedded data — no smartphone required.,Native Music Streaming Integration
INFOT.,Video streming: Youtube/Netflix/Amazon Prime/Other,,"Native integration of video streaming services (YouTube, Netflix, Amazon Prime Video, etc.) on the infotainment display, typically restricted to parked-vehicle use or rear-seat screens.",Video streaming via mirrored smartphone only (CarPlay/AA).,One video streaming app natively embedded (parked use only).,Multiple video streaming services natively embedded with optional rear-seat access (parked only).,Native Video Streaming Integration
INFOT.,Web Browser,,"Full internet browser embedded in the infotainment system, providing unrestricted web access (typically when parked). Higher levels support modern web standards and may allow passenger-side browsing while in motion.",Basic embedded browser with limited functionality (parked only).,Full-featured embedded browser supporting modern web standards (parked only).,Full browser with optional passenger use while driving and embedded data connectivity.,Integrated Web Browser
INFOT.,Gaming  (Headunit= medium); (immersive/St Wheel / Pedals = high) Car as a gamepad,,In-cabin gaming capability. ,Smartphone/device mirroring for gaming on the head unit screen.,Games playable natively on the vehicle's head unit (touch/controller input).,"Immersive gaming using vehicle controls (steering wheel, pedals) or dedicated controllers with advanced graphics.",In-Vehicle Gaming
INFOT.,"Smart Device Screen Casting (i.e. Chromecast, Airplay , Miracast etc…)",,"Direct wireless screen mirroring or casting from smartphones and tablets to the infotainment display, using consumer casting standards such as Chromecast, AirPlay, or Miracast — beyond the scope of CarPlay/Android Auto.",Wired screen mirroring via USB only.,"Wireless casting for one platform (e.g., Chromecast OR AirPlay, not both).","Wireless casting supporting multiple simultaneous protocols (Chromecast, AirPlay, Miracast).",Wireless Screen Casting (Chromecast / AirPlay / Miracast)
INFOT.,"Wireless Mirroring Carplay & Android Auto (Only One wireless M: 12,Both wireless H :14)",,Wireless smartphone projection via Apple CarPlay and/or Android Auto. Medium = one platform wireless only; High = both CarPlay and Android Auto supported wirelessly simultaneously.,Both CarPlay and Android Auto via wired connection only.,One of the two (CarPlay or Android Auto) supported wirelessly; the other is wired.,Both Apple CarPlay and Android Auto supported fully wirelessly.,Wireless Apple CarPlay and Android Auto
INFOT.,"Branded premium audio ( Mid<12 spk, High =>12 spk )",,"Factory-fitted premium audio system by a recognised brand (e.g., Bose, Harman Kardon, Meridian, Bang & Olufsen). ",Standard (non-branded) audio system.,Branded premium audio system with fewer than 12 speakers.,Branded premium audio system with 12 or more speakers.,Branded Premium Audio System
INFOT.,Premium Audio (H : 3D sound ),,"Advanced audio system delivering a three-dimensional soundstage through height channels or object-based spatial audio processing, creating an immersive listening experience beyond standard surround sound.",Standard stereo or basic surround audio.,Multi-channel surround sound without height channels.,3D/immersive sound with dedicated height channels and spatial audio processing.,Premium 3D Spatial Audio System
INFOT.,Premium Audio (H : 4D sound ),,"Premium audio enhanced with haptic/tactile transducers integrated into the seats, synchronised to bass content and audio events to create a full-body immersive listening experience.",Standard audio — no haptic/tactile integration.,Seat-mounted tactile transducers for bass enhancement only.,Full 4D audio with seat vibrators synchronised to audio content for whole-body immersion.,Premium 4D Audio System with Seat Haptics
INFOT.,Premium Audio (H : Dolby atmos ),,Audio system certified for Dolby Atmos playback — the industry-leading object-based surround-sound format — delivering cinema-quality spatial audio within the vehicle cabin.,Standard multi-channel surround sound.,Object-based audio processing without official Dolby Atmos certification.,Officially certified Dolby Atmos playback system.,Premium Audio with Dolby Atmos
INFOT.,Targeted Audio Via Headrest Speakers,,"Speakers integrated into the seat headrests to create personalised audio zones for individual occupants, enabling discrete navigation prompts, phone calls, or tailored sound experiences per seat position.",Standard cabin audio only — no headrest speakers.,Headrest speakers for navigation or phone calls in front row.,Individual audio zones via headrest speakers for all occupants with personalised sound per seat.,Personalised Audio via Headrest Speakers
INFOT.,Noise cancellation (Engine 1),,Active Noise Cancellation (ANC) system using microphones and the audio system's speakers to generate anti-phase sound waves that specifically counteract and reduce engine noise perceived inside the cabin.,No active engine noise cancellation — passive insulation only.,ANC targeting primary engine frequency band.,Broadband ANC targeting multiple engine harmonics across all RPM ranges.,Active Engine Noise Cancellation
INFOT.,Noise cancellation (Road 2),,"Active Road Noise Cancellation (RNC) system that detects and cancels tyre and road surface noise transmitted through the vehicle structure into the cabin, improving ride refinement.",No active road noise cancellation.,RNC targeting primary tyre/road resonance frequencies.,Broadband RNC with adaptive tuning for different road surfaces and speeds.,Active Road Noise Cancellation
INFOT.,Noise cancellation (wind 3),,"Active Wind Noise Cancellation system targeting aerodynamic and wind buffeting noise at higher speeds, complementing passive sealing measures for a quieter cabin at motorway speeds.",No active wind noise cancellation.,Wind noise reduction at specific resonance frequencies.,Adaptive wind noise cancellation active across speed range with real-time adjustment.,Active Wind Noise Cancellation
INFOT.,EV sound generator internal,,"Artificially generated interior sound design for EVs, providing acoustic feedback linked to throttle, speed, and drive mode to enrich the driving experience and compensate for the absence of engine sound.",Fixed artificial internal sound independent of driving mode.,"Internal sound varying by drive mode (Eco, Normal, Sport).","Fully adaptive sound linked to acceleration, speed, torque, and drive mode — with user customisation options.",EV Interior Sound Generator
INFOT.,EV sound generator external,,"Distinctive or emotional artificial sound projected externally by an EV, which is *in addition to* or a *stylized version of* the mandatory Acoustic Vehicle Alerting System (AVAS) sound. Standard, compliant AVAS alone is 'No' for this feature. This feature is classified 'High' if any such distinct, additional or uniquely branded external sound design (standard or optional) is present.",—,—,—,EV Exterior Sound Design (Beyond AVAS)
INFOT.,4G/5G Wi-Fi Hotspot,,Embedded cellular modem providing an in-car Wi-Fi hotspot for passengers. ,No integrated Wi-Fi hotspot — phone tethering only.,4G LTE in-car Wi-Fi hotspot (embedded or SIM-based).,5G in-car Wi-Fi hotspot with high-bandwidth data plan.,In-Car 4G / 5G Wi-Fi Hotspot
INFOT.,In-vehicle Voice Assistant,,"Voice-activated assistant for hands-free control of vehicle systems, navigation, and infotainment. ",Cloud-connected voice recognition for basic vehicle and infotainment commands.,"Advanced conversational AI with LLM integration (e.g., ChatGPT) for complex queries.","Proactive AI assistant that learns habits, provides predictive suggestions, and manages commands across all vehicle domains.",In-Vehicle AI Voice Assistant
INFOT.,"Connected Profiles (with all parameters music, adas, comfort)",,"Cloud-synchronised personalisation profiles storing and automatically applying a comprehensive set of user preferences — seating, mirrors, climate, ADAS sensitivity, favourite destinations, audio settings — whenever a recognised driver enters the vehicle.","Local driver profiles stored on vehicle only (seat, mirrors, favourites).","Cloud-synced profiles covering key preferences (seat, climate, audio) accessible across vehicles.","Full cloud-synced profiles covering all domains: seating, ADAS, navigation, infotainment, music, and payment credentials.",Cloud-Connected Driver Personalisation Profiles
INFOT.,Customer Wallet/Payment Gateway,,"Embedded digital payment capability within the infotainment system allowing the driver to pay for services — EV charging, parking, tolls, fuel, subscriptions — directly from the vehicle without a physical card or separate device.",Linked payment card for EV charging only.,In-car payment for charging and parking via integrated wallet.,"Full in-car payment gateway: charging, parking, tolls, on-demand subscriptions, and in-car marketplace.",In-Vehicle Payment Gateway (Digital Wallet)
INFOT.,Biometric recognition for personalization and buy (fingerprint/face/voice),,"Use of fingerprint, facial, or voice biometrics for secure driver identification, enabling automatic profile loading and authorising in-car purchases without a PIN or password.",Single biometric modality for driver identification only.,Biometric ID used for profile personalisation and basic in-car authentication.,"Multi-modal biometrics (fingerprint + face + voice) for personalisation, payment authorisation, and access control.",Biometric Driver Recognition (Fingerprint / Face / Voice)
INFOT.,Video conference (teams/meet/webex),,"Video conferencing applications (Microsoft Teams, Google Meet, Zoom, Webex) accessible on the infotainment screen when parked. ",Audio-only conferencing via integrated speaker system (parked).,At least one major video conferencing app available on infotainment (parked).,"Video conferencing using embedded interior camera, microphone array, and speaker system (parked).",In-Vehicle Video Conferencing
INFOT.,Digital Handbook (Electronic Owners Manual),,"A digital, searchable version of the vehicle owner's manual embedded in the infotainment system, enabling drivers to quickly find operating instructions and safety information contextually — without physical paperwork.",Static PDF or QR-code link to online manual only.,Interactive searchable digital handbook within the infotainment system.,Context-aware handbook proactively surfacing relevant information based on active vehicle function or driver query.,Digital Owner's Manual (Electronic Handbook)
INFOT.,Off road pages / Performance Page,,"Dedicated infotainment pages displaying real-time off-road or performance telemetry: pitch/roll angles, wheel articulation, terrain mode status, traction indicators, G-force meter, and lap timers.","Basic telemetry page (pitch/roll angles, compass).","Extended off-road page with traction data, differential status, and drive-mode indicator.","Full suite: real-time angle, traction, terrain mode, driveline status, G-force meter, configurable layout.",Off-Road and Performance Telemetry Pages
INFOT.,"Drive mode selection (terrain mode, sport mode, race…) Basic: predefined settings; High: individual drive mode",,"System allowing the driver to select or configure driving modes that alter powertrain, steering, suspension, traction, and braking parameters.","Fixed OEM-defined presets only (Eco, Normal, Sport).","Predefined modes plus ability to adjust 1–2 parameters (e.g., throttle response, steering weight).","Fully customisable individual mode: driver sets and saves all parameters (powertrain, steering, suspension, regen, HMI theme).",Drive Mode Selection (Terrain / Sport / Custom)
INFOT.,Trailer Tow Pages,,"Dedicated infotainment application consolidating all trailer-related information and controls into a single interface: trailer profiles, hitch guidance, real-time trailer telemetry, lighting status, and camera feeds.","Basic towing info page (tongue weight, trailer connection status).",Towing assistant with trailer profile setup and key real-time data.,"Full trailer management hub: profiles, real-time telemetry, lighting status, camera feeds, and towing guidance in one interface.",Trailer Towing Management Pages
▶  REMOTE APP,Remote Application & Digital Services,,,,,,
Category Overview,,"Features accessible via the manufacturer's companion smartphone application, enabling owners to monitor and control their vehicle remotely. Spans vehicle status monitoring (doors, windows, range), remote commands (lock/unlock, climate pre-conditioning), digital key access, and advanced telematics. Increasingly important for fleet managers and multi-driver households, and a key retention driver for connected-services subscriptions.",,,,,
REMOTE APP,Door status (lock / unlock),,Ability to view door lock status (locked/unlocked) via a companion mobile application.,—,—,—,Remote Door Lock Status Monitoring
REMOTE APP,Window Status,,"Companion app feature showing the open/closed/partially-open status of each vehicle window, helping prevent weather damage when windows are inadvertently left open.",Binary open/closed indication for all windows.,Percentage open level shown for each individual window.,Individual window status with alert notification if left open.,Remote Window Status Monitoring
REMOTE APP,Headlights Status,,"Ability to view the current status of the vehicle's headlights (e.g., on, off, auto mode) via a companion mobile application.",—,—,—,Remote Headlights Status Monitoring
REMOTE APP,Trunk Status,,"Ability to view the current status of the vehicle's trunk/tailgate (e.g., open, closed) via a companion mobile application.",—,—,—,Remote Trunk and Tailgate Status Monitoring
REMOTE APP,"Range Status (fuel, battery)",,"Companion app display of the vehicle's current fuel level (ICE/hybrid) or battery SoC and estimated remaining driving range (EV/PHEV), helping owners plan refuelling or recharging needs.",Current fuel level or battery SoC % displayed.,Estimated remaining driving range displayed.,Range with contextual guidance (nearby chargers/stations if range is low) and historical range trends.,Remote Driving Range Status (Fuel / Battery)
REMOTE APP,Parking position (GPS),,"Companion app feature that displays the vehicle's last known GPS location on a map, helping drivers locate their parked vehicle in unfamiliar areas or large car parks.",Last known GPS coordinates displayed as text.,Interactive map showing parked vehicle location.,"Map with vehicle position, nearby landmarks, and walking navigation to vehicle.",Remote Vehicle Location (GPS Parking Position)
REMOTE APP,Driving Data (past trip analytics),,"Companion app access to historical trip data including distance, duration, energy or fuel consumption, average speed, driving efficiency scores, and CO₂ emissions — enabling drivers to track and improve their driving habits.",Distance and duration of last trip only.,Multi-trip history with energy/fuel consumption and average speed.,"Detailed analytics dashboard: driving style score, CO₂ savings, efficiency trends, exportable data.",Remote Trip History and Driving Analytics
REMOTE APP,Maintenance Reminder,,"Notifications or reminders regarding upcoming scheduled vehicle maintenance (e.g., service intervals, inspections), accessible via the companion mobile app and/or displayed in the vehicle.",—,—,—,Remote Maintenance Reminder and Service Alerts
REMOTE APP,Vehicle State of health,,"Ability to view an overview of the vehicle's health status (e.g., tire pressure information, status of critical fluid levels, diagnostic trouble codes, or general system check results) via a companion mobile application.",—,—,—,Remote Vehicle Health Status Monitoring
REMOTE APP,Headlights On/Off  (remote light),,"Remote command via the companion app to activate the vehicle's headlights (typically as a locator flash), helping the driver find the vehicle in a crowded or dark parking area.",Remote light flash to locate vehicle.,Remote headlight on/off with duration control.,Remote light activation with welcome/farewell light sequence.,Remote Headlights Activation (Vehicle Locator)
REMOTE APP,Lock/Unlock,,Ability to remotely lock or unlock the vehicle's doors via a companion mobile application.,—,—,—,Remote Door Lock and Unlock
REMOTE APP,Horn & Indicators On/Off,,"Remote activation of the vehicle's horn and/or hazard indicators via the companion app, used to locate the car or as an emergency alert.",Remote hazard light activation only.,Remote horn and hazard light activation together.,"Remote horn, hazard, and personalised light/sound sequence with location sharing.",Remote Horn and Hazard Light Activation
REMOTE APP,Trunk unlock (independant from doors),,"Remote command via the companion app to unlock or open the boot/trunk independently, without unlocking the main passenger doors — useful for secure parcel delivery or valet access.",Remote trunk unlock independent of door lock state.,Remote trunk unlock with open/close command (powered tailgate).,Remote trunk unlock plus scheduled access window for delivery services.,Remote Trunk Unlock (Independent of Doors)
REMOTE APP,Window & Sunroof Open/Close,,"Remote command via the companion app to open or close the vehicle's windows and/or sunroof, useful for ventilation management or confirming closure before departing.",Remote full open or full close of windows.,Remote window operation with partial position adjustment.,Remote window and sunroof control with comfort vent preset and scheduled ventilation.,Remote Window and Sunroof Control
REMOTE APP,Thermal Pre-conditionning (Climate),,"Remote activation of the vehicle's climate control system via the companion app, allowing the cabin to reach a desired temperature before the driver enters — particularly valuable in extreme weather or for EV pre-conditioning.",Remote climate on/off at last-used temperature setting.,Remote climate with target temperature setting and departure timer.,"Fully customisable: zone-by-zone temperature, seat heating/cooling, scheduled multi-event timers.",Remote Cabin Pre-Conditioning (Climate Control)
REMOTE APP,"Digital Key ( Access/start from Smart Device) NFC, UWB, BT",,Technology enabling a compatible smartphone to function as a vehicle key. ,NFC-based digital key requiring active device tap to unlock and start.,BLE digital key with proximity unlock and active start confirmation.,UWB passive digital key: hands-free proximity unlock and authenticated start without any device interaction.,Digital Key via Smartphone (NFC / Bluetooth / UWB)
REMOTE APP,Remote Engine Start (ICE) (where allowed),,"Remote engine start via the companion app for ICE or hybrid vehicles, primarily to pre-condition the cabin climate before the driver boards. Subject to legal requirements by market.",Remote engine start via physical key fob only (not app-based).,Remote engine start via app with timer scheduling.,"Remote start with full cabin pre-conditioning (climate, seat heat/cool) and status feedback in app.",Remote Engine Start (ICE and Hybrid Vehicles)
REMOTE APP,Alarm Notification,,"Push notification sent to the owner's smartphone if the vehicle's anti-theft alarm is triggered, enabling immediate awareness and response regardless of proximity.",In-app push notification when vehicle alarm is triggered.,Alarm notification with vehicle GPS location at time of trigger.,Alarm notification with live camera snapshot and emergency contact integration.,Remote Anti-Theft Alarm Notification
REMOTE APP,Area/speed/ time monitoring,,"Telematics features allowing the owner to set geographic geofences, speed limits, and time-based access restrictions for the vehicle, receiving alerts via the app when boundaries are exceeded — useful for fleet and young-driver management.",Speed alert notification when vehicle exceeds defined limit.,Geo-fence boundary alert plus speed limit alert.,"Combined geo-fence, speed, and curfew time monitoring with automated event log and full alert customisation.","Remote Geofence, Speed and Curfew Monitoring"
REMOTE APP,Pet mode / Camp Mode /Work Mode,,Specialised parked-vehicle modes. Pet Mode maintains safe cabin temperature for animals with an exterior screen notification. Camp Mode enables extended climate and power use. Work Mode activates power outlets and productivity features.,Cabin temperature maintained for pet safety with exterior display notification.,Pet mode + Camp mode with USB power enabled for extended stay.,"Pet, Camp, and Work modes with power management, app monitoring, and occupant safety interlock.",Pet Mode / Camp Mode / Work Mode
REMOTE APP,Remote Interior/ 360 Exterior View,,"Remote live camera feed via the companion app, showing a view from the vehicle's interior camera(s) or 360-degree exterior surround cameras — enabling security checks or confirming vehicle surroundings remotely.",Static image from one exterior camera viewable in app.,Live exterior camera feed from one or more cameras in app.,Live 360° exterior view and/or interior camera feed accessible remotely via app.,Remote Live Camera View (Interior and 360 Exterior)
▶  ADAS Driving,ADAS — Active Driving Assistance,,,,,,
Category Overview,,"Advanced Driver Assistance Systems handling longitudinal and lateral driving tasks while in motion: Adaptive Cruise Control (ACC), Lane Centering, Predictive Speed management, Hands-Free Level 2+, and Conditional Level 3 autonomy. These systems reduce driver fatigue on long journeys, contribute to safety ratings, and represent the primary axis of competitive differentiation toward autonomous driving capability.",,,,,
ADAS Driving,Assisted Driving L2 : ACC + lane centering / positioning,,The system can also provide steering assistance and suppress acceleration at low speeds to help prevent collisions,—,—,—,Level 2 Assisted Driving (ACC with Lane Centring)
ADAS Driving,Intelligent Speed Assist ,,System that reads road speed limit signs via camera and/or map data. ,Speed limit sign recognition displayed as information only.,Detected speed limit proposed to driver who confirms via button to set ACC.,Automatic speed adjustment to match detected road speed limit sign.,Intelligent Speed Assist (Speed Limit Recognition)
ADAS Driving,Predictive ACC ,,Enhancement of standard ACC that uses map and real-time data to anticipate speed changes before sensors detect them. ,Standard ACC with fixed following distance — no predictive adjustment.,Predictive speed reduction for upcoming speed limit changes and curves.,"Predictive speed management using map data: speed limits, curves, roundabouts, and intersections.",Predictive Adaptive Cruise Control
ADAS Driving,Extended Auto Resume with leading vehicle after complete stop,,"While using the ACC Stop & Go feature, the Extended Auto Resume function aims to increase the duration between the stop and go status.",—,—,—,Extended Stop-and-Go Auto Resume
ADAS Driving,Lane Change systems,,Automated lane-change assistance on highways,Driver-initiated: driver activates the turn indicator; system checks the target lane and executes the manoeuvre if the space is clear.,"Driver-confirmed: system detects that a lane change is relevant (to follow the planned route or overtake a slow vehicle), proposes it to the driver, and executes only after the driver confirms.","System-initiated: system autonomously identifies the need to overtake a slow vehicle, proposes the manoeuvre, and — after driver confirmation — fully executes the lane change including return to the original lane.",Automated Lane Change Assist
ADAS Driving,Assisted navigation ,,Route-following lane-change automation on highways. ,No assisted navigation lane changes — manual lane changes required.,System proposes route-following lane change; driver must confirm to execute.,System automatically initiates and executes route-following lane changes without driver confirmation.,In-Vehicle Navigation System
ADAS Driving,Turn Signal Activated Blind Spot View,,"When the driver activates a turn indicator, the system displays a live camera feed of the corresponding adjacent lane/blind spot on the IVI screen or cluster, supplementing mirror visibility.",Mirror-integrated BSM indicator light only.,Camera view on IVI displayed when indicator activated — shows adjacent lane.,Camera view in cluster (driver axis) when indicator activated with dynamic path overlay.,Turn Signal Activated Blind Spot Camera View
ADAS Driving,Handsfree Driving L2+,,"Hands-off driving capability (SAE Level 2+) where the driver can remove hands from the steering wheel while the system manages steering, speed, and lane keeping. ",L2 only — hands must remain on steering wheel at all times.,Hands-free L2+ on motorways/controlled-access roads only.,Hands-free L2+ on motorways AND secondary/rural roads.,Hands-Free Driving Level 2+
ADAS Driving,Autonomous driving L3,,"SAE Level 3 conditional automation: the system manages all driving tasks within defined operational conditions, and the driver can disengage attention (eyes off road) for extended periods. ",L3 conditional automation on motorways at up to 60 km/h (traffic-jam pilot).,L3 on motorways up to 95 km/h.,L3 on motorways above 95 km/h (or broader road-type coverage).,Autonomous Driving Level 3 (Conditional Automation)
ADAS Driving,Dynamic road view,,"Real-time graphical representation of the vehicle's perceived environment — surrounding vehicles, lane markings, pedestrians, cyclists, and other objects — displayed on the instrument cluster or IVI to give the driver a bird's-eye situational awareness view.",Schematic vehicle icon with basic lane and lead-vehicle display.,"Real-time visualisation of lanes, detected vehicles, and road markings in cluster.","Full 360° animated environment: lanes, vehicles, cyclists, pedestrians, and road furniture on a live 3D rendered map.",Dynamic Surrounding Environment Visualisation
ADAS Driving,€NCap rating,,"The Euro NCAP (New Car Assessment Programme) overall safety star rating for the vehicle, reflecting performance across Adult Occupant, Child Occupant, Vulnerable Road User, and Safety Assist categories. ",3-star Euro NCAP rating.,4-star Euro NCAP rating (or dual rating up to 4★).,5-star Euro NCAP rating (or dual rating up to 5★).,Euro NCAP Safety Rating
ADAS Driving,USA Top Safety Pick,,IIHS (Insurance Institute for Highway Safety) recognition programme rating vehicle safety performance across crashworthiness and crash avoidance criteria in the USA. ,IIHS Good ratings across most categories — no TSP award.,IIHS Top Safety Pick (TSP) award.,IIHS Top Safety Pick+ (TSP+) award — highest IIHS designation.,IIHS Top Safety Pick Rating (USA)
▶  ADAS DANGER ALERT & ACTIVE SAFE,ADAS — Danger Alert & Active Safety,,,,,,
Category Overview,,"Systems that warn drivers of imminent hazards and actively intervene to prevent collisions: Blind Spot Monitoring and Assist, Rear Cross Traffic Alert and Braking, Safe Exit (Door Opening) Assist, and Night Vision. These features are heavily weighted in Euro NCAP and IIHS safety ratings, making them critical both for consumer safety outcomes and for the vehicle's market positioning.",,,,,
ADAS DANGER ALERT & ACTIVE SAFE,Blind Spot -,,System monitoring the vehicle's blind-spot zones alongside and to the rear. Medium = visual/audio warning alerts when a vehicle is detected in the blind spot during a lane change attempt; High = warning plus active steering correction to physically resist the lane change.,Visual BSM indicator in mirror or A-pillar — audio alert optional.,Visual and audio warning preventing lane change when vehicle detected in blind spot.,Warning plus active steering correction to resist lane change into occupied blind spot.,Blind Spot Monitoring and Assist
ADAS DANGER ALERT & ACTIVE SAFE,Rear Cross Traffic -,,"M: Alert of an obstacle approaching perpendicular to the vehicle path while in reverse 
H: Automatic braking to avoid an obstacle approaching perpendicular to the vehicle path while in reverse",—,—,—,Rear Cross Traffic Alert and Braking
ADAS DANGER ALERT & ACTIVE SAFE,Door Opening -,,"Alerts the user of an approaching pedestrian, cyclist, or vehicle when opening the door",—,—,—,Safe Exit Assist (Door Opening Warning)
ADAS DANGER ALERT & ACTIVE SAFE,Night Vision,,"Infrared or thermal imaging system displayed on the IVI or cluster, enhancing the driver's ability to detect pedestrians, animals, and obstacles beyond the reach of the headlights in low-light or adverse weather conditions.",Monochrome infrared front camera image on IVI (manual activation).,Night vision with pedestrian and animal object highlighting on IVI.,"Night vision with pedestrian/animal classification, cluster pop-up alert, and high-beam integration.",Night Vision Driver Assistance
▶  ADAS PARKING,ADAS — Parking & Low-Speed Manoeuvring,,,,,,
Category Overview,,"Technologies assisting with parking and slow-speed manoeuvres: proximity sensors, rear-view and 360-degree surround cameras, 3D bowl and transparent-chassis views, semi- and fully automated parking, remote parking via smartphone, and home-zone replay. As urban environments become denser and vehicles wider, parking assistance has become a baseline expectation across vehicle segments.",,,,,
ADAS PARKING,Park Assist -,,"M: Alerts when there are obstacles in front and behind vehicle during low/speed maneuvering and parking via audible and visual warnings / H: Alerts when there are obstacles in front, behind and alongside vehicle during low/speed maneuvering and parking via audible and visual warnings",—,—,—,Parking Distance Sensors (Park Assist)
ADAS PARKING,Rear View Camera including dynamic gridlines,,"Rear-facing camera displayed on the IVI when reversing. Includes static parking guidelines and, at higher levels, dynamic guidelines that rotate in real time with the steering angle to show the predicted vehicle path.",Static rear view camera image without guidelines.,Rear view with static reference/parking guidelines.,Dynamic steering-angle-linked guidelines showing predicted vehicle path and trailer hitch overlay.,Rear View Camera with Dynamic Guidelines
ADAS PARKING,Surround view (360 degree View),,"Four-camera stitched bird's-eye composite view of the vehicle and its immediate surroundings displayed at low speed, enabling precise manoeuvring in tight spaces. Includes selectable directional camera views for close obstacle inspection.",Four-camera stitched top-down 360° view at low speed.,360° view with selectable individual directional camera angles.,"360° view with 3D bowl perspective, transparent body overlay, and selectable zoom areas.",360-Degree Surround View Camera System
ADAS PARKING,3D Bowl view,,"Advanced variant of surround-view that renders a three-dimensional rotating perspective view of the vehicle and its surroundings, providing enhanced spatial depth perception compared to a flat top-down image.",Flat top-down 360° composite view (no perspective elevation).,Slightly elevated 3D perspective 360° view.,Full interactive 3D bowl view with adjustable camera angle and vehicle transparency option.,3D Bowl Surround View
ADAS PARKING,"Trail Cam/Front ""Tire to Curb"" View",,Composite camera view using front grille and side-mirror cameras to show the terrain and obstacles directly in front of and between the front wheels — a zone normally invisible to the driver — displayed on the central touchscreen.,Front grille camera view showing terrain ahead of bumper.,Front grille + mirror cameras showing terrain between front wheels.,"Full composite terrain view: front grille, mirrors, and ground clearance visualisation.",Front Trail Camera (Tire-to-Curb View)
ADAS PARKING,Clear Path Under Body View - Transparent Chassis,,"Advanced camera processing that creates a simulated under-vehicle or transparent-chassis view using delayed front and side camera feeds, helping drivers navigate obstacles and kerbs that would otherwise be hidden beneath the vehicle.",Delayed single-camera front undercarriage approximation.,Multi-camera composite simulating underbody view.,Real-time transparent chassis rendering with camera interpolation and obstacle highlighting.,Transparent Underbody View (Clear Path Vision)
ADAS PARKING,Automated Parking -,,"System that handles the parking manoeuvre without sustained driver input. Medium = system controls steering only (driver manages throttle/brake) for parallel and perpendicular spaces; High = fully automated including steering, throttle, braking, and gear selection.",Park Assist only — driver controls throttle/brake; system steers.,Semi-automated: system controls steering for parallel and perpendicular spaces.,"Fully automated: system controls steering, throttle, braking, and gear selection — hands-free.",Automated Parking System
ADAS PARKING,Remote parking -,,System enabling the driver to control parking from outside the vehicle via a smartphone app. Medium = straight-line pull-in/pull-out only; High = full automated parallel and perpendicular parking with the driver supervising from outside.,Remote control via app for straight-line pull-in/pull-out only.,Remote parking for straight-line plus simple 90° spaces.,Full remote automated parallel and perpendicular parking with driver supervising via app outside the vehicle.,Remote Parking via Smartphone
ADAS PARKING,Auto Reverse Maneuver,,"The vehicle records the driven path as the driver approaches a destination, then autonomously replicates the manoeuvre in reverse — useful for navigating narrow lanes, driveways, or complex approaches.",Manual reverse guidance only — no path recording.,System records and partially assists the reverse of the last driven path.,System fully records driven path and autonomously replicates it in reverse with obstacle detection.,Automatic Reverse Manoeuvre (Path Replay)
ADAS PARKING,Home zone parking,,"The driver trains the vehicle on a specific repeated parking path (e.g., entering a home garage), which is stored and can subsequently be executed autonomously with a single command.",Driver trains a simple home/garage path manually.,System records and replays a single stored home-zone path.,Multiple stored home-zone paths with automatic path selection and hands-free execution.,Home Zone Automated Parking
ADAS PARKING,Valet parking (all parking lots -L4),,SAE Level 4 automated valet parking capability: the vehicle can self-park in any compatible parking structure without a driver present or monitoring the manoeuvre.,Remote parking limited to designated smart-parking facilities only.,Automated valet in supported structures with limited supervision.,Full SAE L4 automated valet in any compatible parking structure — no driver monitoring required.,Automated Valet Parking Level 4
▶  ADAS Trailering,ADAS — Trailering & Towing Assistance,,,,,,
Category Overview,,"Dedicated systems for vehicles towing a trailer or caravan: extended 360° surround view, trailer reverse steering control, hitch alignment assistance, sway control, and hands-free L2+ while towing. A decisive differentiator for pick-up trucks, SUVs, and light commercial vehicles, and a primary reason buyers choose one truck brand over another in North America and growing global truck markets.",,,,,
ADAS Trailering,Trailer 360 Degree Surround View,,"Auxiliary trailer mounted cameras provide a constructed top view of the vehicle, trailer and surroundings to assist them while maneuvering and parking.  Extends top-down 360 surround view between vehicle and trailer.  in addition to a top-down view, Driver can select specific cameras to focus views on",—,—,—,Trailer 360-Degree Surround View Camera
ADAS Trailering,Trailer Reverse Steering Control,,"System that decouples the trailer's direction from the steering wheel: the driver uses a dedicated dial or interface to select the desired trailer direction, while the system independently controls the vehicle's steering to achieve it — eliminating the counterintuitive reversal of steering input.",Driver steers via normal wheel; cameras provide guidance only.,Dial-based directional input with partial steering assistance for trailer reversing.,Full TRSC: driver selects direction via dial; system fully controls steering to follow intended trailer path.,Trailer Reverse Steering Control System
ADAS Trailering,Trailer Reverse Guidance,,"Camera-based system that overlays dynamic predicted path lines on the rear camera image when reversing with a trailer, helping the driver judge the trailer's trajectory and alerting to risk of jack-knifing.",Static camera view showing trailer position while reversing.,Dynamic predicted path lines overlaid on rear camera image.,Dynamic path prediction with jack-knife alert and real-time trailer angle indicator.,Trailer Reverse Guidance with Path Overlay
ADAS Trailering,Trailer Hitch Assist,,"System that takes over steering while the driver manages throttle and brake, using rear cameras and algorithms to guide the vehicle's hitch ball precisely into alignment with the trailer coupler.",Rear camera with static hitch target overlay only.,Driver-guided alignment with camera and sensor distance indicators.,Fully assisted: system controls steering to align hitch ball to coupler; driver manages throttle/brake only.,Trailer Hitch Alignment Assist
ADAS Trailering,Trailer Rear View,,"Live camera feed from a camera mounted at the rear of the trailer, providing an unobstructed view behind the trailer during driving — equivalent to a conventional rear-view mirror but extended past the trailer's length.",Camera port available; customer must supply and connect own camera.,OEM-supplied auxiliary trailer camera with wired connection and basic head-unit display.,Integrated trailer rear view in digital rear-view mirror with automatic activation while driving.,Trailer Rear View Camera
ADAS Trailering,Digital Rear View Mirror - Tow Mode,,"Tow-specific mode for the digital rear-view mirror that simultaneously displays three camera feeds: left side-mirror view, right side-mirror view, and the trailer rear camera — giving the driver complete rear visibility despite the trailer blocking the conventional view.",Digital rear-view mirror without tow-mode camera integration.,DRVM with trailer camera feed as additional selectable view.,"DRVM tow mode: three simultaneous views — left mirror, right mirror, and trailer-rear camera.",Digital Rear View Mirror Tow Mode
ADAS Trailering,Lane Centering w/trailer - L2,,"Extension of the vehicle's L2 Lane Centring Assistance (LCA) to remain active and functional while a trailer is hitched, with adapted control algorithms accounting for the increased length and altered handling dynamics.",Standard L2 lane centring without trailer detection or control adaptation.,L2 lane centring active with trailer connected; adapted steering torque.,"Full L2 with trailer: adapted control algorithms accounting for trailer length, weight, and sway dynamics.",Level 2 Lane Centring while Towing
ADAS Trailering,L2+ w/ Trailering (hands free),,"Extension of hands-free Level 2+ driving capability to remain active and functional while towing a trailer, with trailer-aware control tuning. Represents a significant technical achievement given the added complexity of trailer dynamics.",Hands-free L2+ not available when towing.,Hands-free L2+ available while towing on motorways with speed limitation.,Full hands-free L2+ while towing on motorways with trailer-specific control tuning.,Hands-Free Level 2+ Driving while Towing
ADAS Trailering,Active Trailer Sway Control,,"Enhanced electronic stability intervention specifically targeting trailer oscillation (sway): detects sway forces via sensors, and responds with coordinated stability control braking, trailer brake controller commands, and/or ePAS steering torque overlay to dampen the oscillation before it escalates.",Basic electronic stability control applied reactively when sway is detected.,Dedicated sway detection with automatic engine torque reduction and brake application.,Enhanced sway control: stability control + trailer brake controller + ePAS steering torque overlay.,Active Trailer Sway Control
▶  Cockpit,Cockpit & Human–Machine Interface (HMI),,,,,,
Category Overview,,"All physical and digital elements forming the driver and occupant environment: display hardware (cluster, central screen, HUD, passenger screen, rear screens), display technology and integration, interaction modalities (touch, voice, gesture, gaze), interior and exterior lighting design, seating comfort and adjustment, door mechanisms, and personalisation systems. The cockpit domain defines premium perception, ergonomic quality, and the first emotional impression at point of sale.",,,,,
Cockpit,Full Digital Cluster size,,Size of the fully digital instrument cluster display. ,"Fully digital cluster smaller than 10"" (or focused display < 14.9"").","Digital cluster 10""–12"" (or focused display ≥ 14.9"").","Digital cluster larger than 12"".",Digital Instrument Cluster Screen Size
Cockpit,Central Infotainment Display size,,Size of the primary central infotainment touchscreen. ,"Central display smaller than 12"" (or focused display < 14.9"").","Central display 12""–14"" (or focused display ≥ 14.9"").","Central display larger than 14"".",Central Infotainment Touchscreen Size
Cockpit,Display technology,,Panel technology used for the vehicle's primary displays. ,TFT LCD display technology.,OLED or Full-Array Local Dimming (FALD) LCD.,"Micro-LED, laser projection, transparent, or holographic display technology.",Display Panel Technology (TFT / OLED / Micro-LED)
Cockpit,"Specific shape of screen
High : specific shape, curved",,"Describes whether the vehicle's displays use a custom or non-rectangular shape, curved form, or distinctive design signature beyond standard flat rectangular panels — a differentiator for premium brand identity.",Standard rectangular flat panel display.,Custom-shaped or mildly curved display.,Distinctively shaped or deeply curved display as a brand design signature.,Custom or Curved Screen Shape
Cockpit,Screens integration,,The degree to which multiple displays are integrated into a unified physical and visual design. ,Multiple displays behind a single glass cover panel.,Seamlessly integrated displays with minimal bezel separation.,Advanced integration: reflective (CRU/Phantom) or fully hidden/retractable screen concept.,Multi-Screen Integration and Design
Cockpit,Movable screen,,Capability for the central display to physically move its position. ,Fixed screen — no movement capability.,Rotatable screen (pivot axis adjustment).,Sliding along a track or foldable/retractable screen.,Movable or Repositionable Screen
Cockpit,Front passenger display,,"Dedicated display for the front passenger providing independent content viewing (video, navigation, apps) without interfering with the driver's view. ",No dedicated front passenger display.,"Front passenger screen smaller than 12"".","Front passenger screen 12"" or larger with independent content capability.",Front Passenger Dedicated Display
Cockpit,Rear Entertainment Display,,Rear-seat entertainment screen solution. ,Tablet holder/mount for customer's own device.,Two OEM-embedded rear displays (headrest or ceiling-mounted).,Single panoramic OEM-embedded rear screen spanning the full rear cabin.,Rear Seat Entertainment Display
Cockpit,"rear comfort display (HVAC, seats...)",,"Dedicated touchscreen for rear-seat passengers to independently control climate (HVAC), seat heating/cooling/massage, and other comfort functions without requiring front-seat occupant involvement.",Physical climate controls for rear occupants only — no screen.,Basic rear touchscreen for climate control only.,"Rear comfort touchscreen controlling HVAC, seat heating/cooling/massage, and entertainment.",Rear Passenger Comfort Control Display
Cockpit,HUD (Base= standard (image projection at 2m);,,"A Head-Up Display (HUD) projects driving-relevant information directly onto the windshield or a combiner panel within the driver's natural line of sight, reducing the need to look away from the road. ","Standard windshield or combiner HUD projecting speed, basic navigation arrows, and warning icons at approximately 2 metres virtual distance in the driver's line of sight.","Extended 2.5D HUD projecting speed, navigation guidance, speed limit, and lane information at a virtual distance of 4.5 to 10 metres, providing a greater sense of depth and reduced eye refocus effort.","Augmented Reality HUD projecting information at more than 10 metres virtual distance, with navigation arrows and hazard highlights spatially anchored to the actual road geometry and lane markings ahead of the vehicle.",Head-Up Display (HUD)
Cockpit,Smartphone Holder on dashboard,,Dashboard-integrated smartphone mounting solution. ,Physical holder only — no charging capability.,Dashboard holder with wired USB charging.,Dashboard holder with integrated Qi wireless charging.,Dashboard Smartphone Holder with Charging
Cockpit,Smartphone Wireless charging pad,,Number of simultaneous wireless (Qi) charging pads in the cabin. ,One wireless Qi charging pad in the cabin.,Two wireless charging pads.,Three or more wireless charging pads.,Wireless Smartphone Charging Pad
Cockpit,Digital interior rear view mirror,,Rear-view mirror that can display a live camera feed from a rear-mounted camera instead of (or in addition to) the conventional reflected view. ,Conventional glass mirror only — no digital mode.,Digital-display mode only (no conventional mirror fallback).,Dual-mode: switchable between conventional glass mirror and digital display.,Digital Interior Rear View Mirror
Cockpit,"Advanced Modalities (gesture, gazing)",,"New type of modalities to interact : gesture commandes, looked to stg fixed for example",—,—,—,Advanced Interaction Modalities (Gesture and Gaze Control)
Cockpit,"Customization (home page, cluster, HUD)",,"Extent to which the driver can personalise the layout and content of the HMI across multiple screens — home page widget arrangement, cluster data views, HUD information fields — and save configurations to a profile.",Fixed HMI layout — no user customisation.,Customisable home screen and cluster widgets (limited options).,"Full layout customisation across home screen, cluster, and HUD with saveable themed profiles.",HMI Screen Customisation (Home / Cluster / HUD)
Cockpit,"On Board Personalization (Smartseat, Ergonomics...)",,"In-vehicle personalisation of physical comfort settings including smart seat adjustment and memory, ergonomic preferences, HMI content favourites, and stored personal settings accessible without cloud connectivity.",Manual seat position only — no memory function.,Electric seat with single one-touch memory position.,"Smart seat with personalised ergonomic profile, HMI content favourites, and OTA preference updates.",On-Board Driver Personalisation (Smart Seat and Ergonomics)
Cockpit,Automatic Personalization (Digital setting) by SD or others,,automatic recognition of customer by mobile or digital key and application of linked profile settings,—,—,—,Automatic Profile Loading via Digital Key Recognition
Cockpit,Adaptative Front lighting System (AFS),,"Dynamic headlight system that adjusts beam direction and pattern in response to steering angle, vehicle speed, and road type to continuously optimise road illumination in curves, junctions, and varying speed conditions.",Fixed headlight beam — no directional adaptation.,Cornering lights (static or swivelling) active at low speed only.,"Full dynamic AFS: continuous beam steering linked to steering angle, speed, and road/map data.",Adaptive Front Lighting System (AFS)
Cockpit,Glare-free High Beam,,"Advanced high-beam system that maintains full high-beam illumination at all times while selectively masking specific zones around detected oncoming vehicles and preceding traffic, eliminating dazzle without reducing overall road illumination.",Manual high beam only — no auto anti-glare functionality.,Automatic high-beam assist (switches between high and dipped beam).,Glare-free high beam: continuously active high beam with selective masking of oncoming/preceding vehicles.,Glare-Free High Beam (Selective Beam Masking)
Cockpit,Exterior Lighting -,,Technology used for the vehicle's exterior lights (headlights and tail lights). ,"LED exterior lighting (headlights, tail lights).",Matrix LED: independently switchable LED groups for basic beam shaping.,Pixel LED: individually addressable pixels for precise beam control and animated light signatures.,Exterior Lighting Technology (LED / Matrix / Pixel)
Cockpit,Interior Lighting,,"Ambient interior lighting system that illuminates the cabin surfaces, footwells, door panels, and dashboard contours to create atmosphere and enhance the perceived quality of the interior. ",Fixed single-colour ambient lighting illuminating the cabin with one static colour tone that cannot be changed by the driver.,Multi-colour RGB ambient lighting system allowing the driver to select from a palette of colours or preset themes to personalise the cabin atmosphere.,"Functional ambient lighting that dynamically changes colour and intensity in real time in response to vehicle events such as navigation turn instructions, ADAS alerts, incoming calls, door opening warnings, and active drive mode changes",Ambient Interior Lighting
Cockpit,Interior Ambiences,,"Preset or customisable interior atmosphere packages combining ambient lighting, sound, climate, and seat settings. ",Fixed OEM-defined preset ambience themes.,"User-customisable ambience settings (colour, intensity, zone selection).","Adaptive ambience responding to external triggers: weather, time of day, drive mode, or detected events.",Interior Ambience Presets and Customisation
Cockpit,Illuminated Emblem on steering wheel,,"The brand emblem positioned at the centre of the steering wheel is backlit, transforming a standard badge into an illuminated design signature. ",Monochromatic backlit emblem (single colour).,Monochromatic backlit emblem (single colour).,Full RGB illuminated emblem dynamically linked to drive mode or ambient lighting theme.,Illuminated Brand Emblem on Steering Wheel
Cockpit,Electrical Seats,,"Power-adjustable seating allowing occupants to electrically control seat position, recline, lumbar support, and other ergonomic parameters via buttons or a touchscreen interface rather than manual mechanical levers. ","Electric adjustment is available on the driver seat only, allowing the driver to set and modify their seating position via powered controls.","Electric adjustment is available on both the driver and front passenger seats, providing powered comfort control for all front occupants.","Electric adjustment is available across all seats including the rear, providing powered comfort control for every occupant in the vehicle.",Electrically Adjustable Seats
Cockpit,Memorization  seats position,,"Memory function for electric seat (and optionally mirror/steering column) positions, allowing multiple drivers to save and instantly recall their preferred ergonomic settings.",No memory function — manual repositioning required each time.,Single memory position per driver.,"Multiple memory positions per driver, automatically recalled via personalisation profile.",Seat Position Memory Function
Cockpit,Massage seats,,In-seat pneumatic or mechanical massage system using inflatable air chambers or vibrating elements integrated into the seat structure to provide comfort and reduce fatigue during long journeys. ,"Massage function is available on the driver seat only, providing fatigue relief and comfort support for the driver during long journeys.","Massage function is available on both the driver and front passenger seats, extending active comfort support to all front occupants simultaneously.","Massage function is available across all seats including the rear, providing full cabin occupant comfort and wellbeing support for every passenger on board.",Seat Massage Function
Cockpit,Ventilated Seats,,"Active seat ventilation using fans to draw air through the seat cushion, providing cooling comfort. ",Active ventilation for front seats only.,Front seat ventilation with multi-level fan speed control.,Active ventilation for front and rear seats.,Ventilated Seats (Active Seat Cooling)
Cockpit,eCOI (Elecrical Door Opening),,"Electrically operated interior door release — replacing a conventional mechanical handle with a button, capacitive sensor, or fully electronic latch system for a cleaner interior design.",Conventional mechanical interior door handle only.,Electric interior door release (button or capacitive touch sensor).,"Fully electric interior door with soft-close, auto-hold, and power operation.",Electric Interior Door Release
Cockpit,Power Door,,"Motorised door system replacing conventional manual door operation with powered automatic open and close mechanisms, activated via button, handle sensor, or proximity detection.","Motorised automatic open and close is available on the front doors only, providing powered entry and exit convenience for the driver and front passenger.","Motorised automatic open and close is available on the front doors with additional features such as speed-sensitive closing force, obstacle detection, or programmable opening angle.","Motorised automatic open and close is available on both front and rear doors, providing fully powered entry and exit convenience for all occupants across the entire vehicle.",Power-Operated Doors (Motorised Door Opening)
Cockpit,Driver space release (Linked to L3/L4 autonomous vehicle),,"When L3/L4 autonomous mode is engaged, the steering wheel automatically retracts and/or the driver's seat reclines, releasing space in the driver's zone for a more comfortable resting posture during autonomous operation.",Fixed steering column — no retraction capability.,Telescopically retractable steering wheel when L3 is engaged.,Full driver-space release: steering wheel retraction plus seat recline when L3/L4 autonomous mode is active.,Driver Space Release for Autonomous Mode (Retractable Steering Wheel)
Cockpit,Power tailgate (PC),,Motorised boot/tailgate operation. ,Manual tailgate — no powered operation.,Powered tailgate (button-operated open/close).,Hands-free powered tailgate (kick-sensor or proximity detection activation).,Power Tailgate (Motorised Boot / Liftgate)
Cockpit,Start / Stop without Push,,"The vehicle can be started and operated without a traditional push-button ignition — simply entering the vehicle and engaging drive gear initiates operation, streamlining the boarding experience.",Conventional push-button start/stop required.,Walk-up start: vehicle powers on when keyless entry is detected on approach.,Buttonless operation: vehicle activates automatically on entry; gear engagement initiates motion.,Buttonless Start (No Push-Button Ignition)
Cockpit,High power USB Plug,,USB-C charging socket with elevated power delivery for fast device charging. ,Standard USB-A or USB-C up to 18 W.,High-power USB-C at 45 W.,Ultra-high-power USB-C at 60 W or above.,High-Power USB-C Charging Port
Cockpit,Steer by wire with specific steering wheel shape,,"Steer-by-wire (SbW) is a technology that replaces the conventional mechanical linkage between the steering wheel and the front wheels with an entirely electronic signal pathway, transmitting steering inputs via sensors, actuators, and control units. ",Conventional mechanical steering column connecting the steering wheel directly to the front wheels with no steer-by-wire technology present.,"Electro-mechanical steering system with a reduced or collapsible column architecture, representing a transitional step toward full steer-by-wire but retaining a mechanical fallback connection.","Full steer-by-wire system with no mechanical connection between the steering wheel and the front axle, enabling a custom-shaped or non-circular steering wheel design and fully variable electronic steering ratio.",Steer-by-Wire with Custom Steering Wheel Design
▶  TRAIL AND TRUCK SPECIFIC,Trail & Truck-Specific Features,,,,,,
Category Overview,,"Specialised equipment engineered for pickup truck utility, off-road adventure, and work-site productivity: trailer monitoring (tyre pressure, lights, tongue weight, health), bed utility (extenders, workbench tailgate, scales), auxiliary camera systems, onboard power generation, and mobile-office setups. These features address the professional and recreational demands of truck buyers and represent a critical differentiator in the highly competitive North American full-size and mid-size truck segments.",,,,,
TRAIL AND TRUCK SPECIFIC,Trailer Tire Pressure Monitor,,"System monitoring the tyre pressures of a hitched trailer and displaying individual readings inside the truck cab, alerting the driver to low-pressure conditions before they become safety issues.",TPMS warning indicator when pressure is critically low only.,Actual pressure readout per trailer axle displayed in cabin.,Real-time per-wheel trailer tyre pressure and temperature with historical trend logging.,Trailer Tyre Pressure Monitoring System
TRAIL AND TRUCK SPECIFIC,Auto Trailer Light Bulb Check,,"Automated system that checks the functionality of all trailer lights at vehicle start-up or connection, alerting the driver to any burned-out bulbs before departure.",Manual trailer lighting check via dashboard prompt.,Automatic bulb check at ignition on with pass/fail indicator.,Continuous trailer light monitoring with individual bulb identification and mobile app notification.,Automatic Trailer Light Bulb Check
TRAIL AND TRUCK SPECIFIC,Trailer Theft Alert,,"Anti-theft system that detects if the trailer is disconnected from the hitch while the truck is unattended, triggering the vehicle alarm and/or sending a push notification to the owner's mobile app.",Vehicle alarm triggered if trailer coupling is disturbed.,Vehicle alarm plus in-cabin notification when trailer is disconnected.,Alarm plus push notification to mobile app with GPS location at time of disconnect.,Trailer Theft Alert and Disconnect Notification
TRAIL AND TRUCK SPECIFIC,Payload Indicator w/ Exterior Readout / Onboard Scales,,"Onboard weighing system using suspension sensors to calculate and display the current payload in the truck bed in real time — showing weight, percentage of safe load capacity, and triggering overload warnings both inside the cabin and (at higher levels) on an exterior display at the tailgate.",Estimated payload percentage indicator in cluster only.,Digital payload weight display in cabin with overload warning.,Real-time payload scale on interior display and tailgate exterior panel with overload alert.,Payload Indicator and Onboard Bed Scales
TRAIL AND TRUCK SPECIFIC,Trailer Tongue Weight Notification,,System measuring the static tongue weight (downward force of trailer on hitch ball) to help the driver optimise weight distribution during loading and confirm safe loading before departure. ,Tongue weight guidance based on trailer profile entry (estimated only).,Measured tongue weight with acceptable range guidance on central display.,Measured tongue weight for conventional and 5th-wheel/gooseneck hitches with weight-distribution guidance and app support.,Trailer Tongue Weight Measurement and Guidance
TRAIL AND TRUCK SPECIFIC,Tailgate as a Workbench,,"Tailgate designed and equipped to function as a job-site work surface, with features such as a flat stable work area, integrated rulers, clamp pockets, tool holders, tie-down hooks, cup holders, and USB power outlets.",Flat tailgate surface usable as basic work area only.,"Tailgate with integrated ruler, tie-down hooks, and cup holders.","Full workbench: flat stable surface, clamp pockets, tool holders, cup holders, and USB power outlets.",Tailgate Workbench with Integrated Tools
TRAIL AND TRUCK SPECIFIC,Tailgate Down Camera,,Camera and sensor system that maintains full functionality of the rear-view and 360-degree surround cameras when the tailgate is lowered — adjusting camera angles automatically and keeping backup sensors active.,Separate rear camera available when tailgate is down.,Automatic camera angle adjustment maintaining rear view with tailgate lowered.,"Full continuity: adaptive camera, functioning 360° view, and backup sensors integrated into tailgate.",Tailgate-Down Rear Camera System
TRAIL AND TRUCK SPECIFIC,Wireless Camera,,"Auxiliary cameras with their own battery power source that connect wirelessly to the truck's infotainment head unit, allowing flexible mounting anywhere on the truck or trailer without cable routing.",One wireless auxiliary camera with limited mounting options.,Up to two wireless cameras with dedicated battery power source.,Multiple wireless cameras mountable anywhere on truck or trailer with automatic head-unit integration.,Wireless Auxiliary Camera System
TRAIL AND TRUCK SPECIFIC,Wired Camera,,"Auxiliary cameras hardwired to the truck's electrical system for a permanent, reliable connection — mountable at various positions on the truck or trailer for expanded visibility coverage.",Single additional wired auxiliary camera.,Up to two wired cameras integrated into the vehicle wiring harness.,Full auxiliary wired camera system with multiple inputs and configurable display zones.,Wired Auxiliary Camera System
TRAIL AND TRUCK SPECIFIC,Bed Extender,,A retractable panel (typically stored beneath the bed floor) that slides or folds out beyond the tailgate to increase the effective cargo bed length for oversized loads.,Fixed rigid bed extender accessory — no retraction.,Slide-out bed extender stored beneath the bed floor.,Powered or assisted slide-out bed extender with automatic deployment.,Cargo Bed Extender
TRAIL AND TRUCK SPECIFIC,Multi Function Tailgate,,Tailgate can be divided into swing-out doors that hinge 60/40 split. A kick out step allows quick access to the truck's bed and there is no interference with the trailer hitch.,—,—,—,Multi-Function Tailgate (Split Swing-Out Design)
TRAIL AND TRUCK SPECIFIC,Midgate,,"A removable or fold-down panel forming the rear wall of the cab, separating the cabin from the truck bed. When opened, it extends the usable cargo length through the cab interior for carrying exceptionally long items.",Fixed cab rear wall — no midgate access.,Removable midgate panel to extend bed into cab area.,Folding/retractable midgate with full pass-through to front cab for extra-long cargo.,Midgate (Cab-to-Bed Pass-Through Panel)
TRAIL AND TRUCK SPECIFIC,Trailer Health Monitor,,"Comprehensive telematics system monitoring the overall health status of a connected trailer from inside the truck: tyre pressures, temperatures, battery voltage, lighting status, vibration, and optionally interior cargo temperature.",Trailer connection status and lights check only.,Tyre pressure and battery voltage monitoring for connected trailer.,"Comprehensive: tyre pressure, temperature, vibration, lights, battery voltage, and optional interior temp monitoring.",Trailer Health Monitoring System
TRAIL AND TRUCK SPECIFIC,Cargo Bed Camera,,Camera mounted in the truck bed area providing a view of the cargo and bed contents — useful for monitoring load security while driving and for general bed use.,Fixed rear-facing camera in bed showing cargo area.,Wide-angle bed camera with night vision capability.,360° or multi-angle bed camera with motion detection and remote viewing via companion app.,Cargo Bed Camera
TRAIL AND TRUCK SPECIFIC,Trailering App,,"Integrated infotainment application serving as a unified command centre for all towing operations: trailer profiles and setup, real-time trailer health data, maintenance schedules, camera feeds, and towing guidance.",Basic trailer checklist or setup guide in infotainment.,Trailer management app with profile storage and key telemetry data.,"Full hub: profiles, health monitor, maintenance schedule, camera feeds, and hitch guidance in one integrated interface.",Integrated Trailering Application
TRAIL AND TRUCK SPECIFIC,Onboard Power,,"Onboard electrical power generation providing AC outlets and/or high-power DC sockets for operating tools, appliances, or charging equipment directly from the truck — without a separate generator.",One 12 V accessory outlet or standard socket up to 400 W.,Multiple AC sockets (≥2) up to 1.8 kW total output.,High-power onboard generator (≥2.4 kW AC) with multiple outlets for professional power tools.,Onboard Power Export (Generator / AC Outlets)
TRAIL AND TRUCK SPECIFIC,Mobile Office/Interior Workspace,,"Interior cab transformation capability converting the centre console area into a functional work surface — with a fold-out flat desk, USB power, device mounts, and storage — enabling productive remote work from inside the truck.",Flat centre console surface usable informally as work area.,Fold-out centre console work surface with USB charging.,"Full mobile office: fold-out table, document storage, monitor mount, power outlets, and Wi-Fi hotspot integration.",Mobile Office and Interior Workspace
